feature,behavior_bucket,flatness_score,variation_score,flatness_rank,periodicity_score,periodicity_rank,period_lag_days_cycle_relevant,robust_cv,mad_diff
prosody_egemaps_loudness_sma3_stddevNorm,flat_minimally_varying,0.8340909090909091,0.16590909090909092,1,0.35810289557764124,66,18,0.05059724803150405,0.04852926731109619
prosody_egemaps_F2amplitudeLogRelF0_sma3nz_stddevNorm,flat_minimally_varying,0.7909090909090909,0.2090909090909091,2,0.41036027666302527,46,15,0.0677296926617235,0.053572237491607666
prosody_egemaps_F0semitoneFrom27.5Hz_sma3nz_percentile50.0,flat_minimally_varying,0.775,0.225,3,0.5279238522487153,13,20,0.021159671591971973,0.45748329162597656
prosody_egemaps_F1frequency_sma3nz_stddevNorm,flat_minimally_varying,0.775,0.225,3,0.4529520344711393,27,14,0.08739524251664946,0.027312099933624268
prosody_egemaps_F3amplitudeLogRelF0_sma3nz_stddevNorm,flat_minimally_varying,0.7727272727272727,0.2272727272727273,5,0.4533700622793856,26,18,0.07004966174531548,0.05672949552536011
prosody_egemaps_MeanUnvoicedSegmentLength,flat_minimally_varying,0.7681818181818182,0.2318181818181818,6,0.411287138033411,44,12,0.09059088895003356,0.02276456356048584
prosody_egemaps_F2frequency_sma3nz_stddevNorm,flat_minimally_varying,0.759090909090909,0.2409090909090909,7,0.23905461250428464,86,14,0.10688486271745919,0.01130426675081253
prosody_egemaps_F0semitoneFrom27.5Hz_sma3nz_percentile80.0,flat_minimally_varying,0.7454545454545455,0.2545454545454545,8,0.36633463516666653,64,16,0.0261894136150652,0.4817085266113281
prosody_egemaps_F0semitoneFrom27.5Hz_sma3nz_percentile20.0,flat_minimally_varying,0.7386363636363636,0.26136363636363635,9,0.40926066959251384,48,9,0.025849714025942695,0.601837158203125
prosody_egemaps_F2bandwidth_sma3nz_stddevNorm,flat_minimally_varying,0.7340909090909091,0.26590909090909093,10,0.36744858023393856,63,16,0.08836507301686057,0.04076337814331055
prosody_egemaps_loudnessPeaksPerSec,flat_minimally_varying,0.7272727272727273,0.2727272727272727,11,0.39100318090891817,53,18,0.0667799958364345,0.2711089849472046
prosody_egemaps_F1amplitudeLogRelF0_sma3nz_stddevNorm,flat_minimally_varying,0.7272727272727273,0.2727272727272727,11,0.3833307791676769,55,18,0.07570607084411854,0.06512007117271423
prosody_egemaps_spectralFlux_sma3_stddevNorm,flat_minimally_varying,0.7227272727272727,0.2772727272727273,13,0.47245224833302546,22,9,0.07786935177441981,0.06336280703544617
prosody_egemaps_spectralFluxV_sma3nz_stddevNorm,flat_minimally_varying,0.7136363636363636,0.2863636363636364,14,0.35551101963349296,67,9,0.0883554346502949,0.05059969425201416
prosody_egemaps_F1bandwidth_sma3nz_stddevNorm,flat_minimally_varying,0.7113636363636364,0.28863636363636364,15,0.4452144221222231,28,15,0.12466868863461676,0.017135903239250183
prosody_egemaps_shimmerLocaldB_sma3nz_amean,flat_minimally_varying,0.7068181818181818,0.2931818181818182,16,0.41188309893192543,43,18,0.07152950262607334,0.09158629179000854
prosody_egemaps_HNRdBACF_sma3nz_stddevNorm,flat_minimally_varying,0.6931818181818181,0.3068181818181818,17,0.4320729221646234,33,11,0.10581108566004925,0.042654842138290405
prosody_egemaps_F0semitoneFrom27.5Hz_sma3nz_amean,flat_minimally_varying,0.6931818181818181,0.3068181818181818,17,0.25691901008089985,85,20,0.03377920151554545,1.1204490661621094
prosody_egemaps_slopeV500-1500_sma3nz_amean,flat_minimally_varying,0.6818181818181819,0.3181818181818181,19,0.33389262395741104,75,17,0.1709548652948663,0.0034158900380134583
prosody_egemaps_StddevUnvoicedSegmentLength,flat_minimally_varying,0.6772727272727272,0.32272727272727275,20,0.6011458014860053,5,19,0.1262608395877947,0.038242995738983154
prosody_egemaps_F3frequency_sma3nz_stddevNorm,flat_minimally_varying,0.675,0.325,21,0.41787907173739125,40,10,0.15435983468898395,0.009446732699871063
prosody_egemaps_MeanVoicedSegmentLengthSec,flat_minimally_varying,0.6636363636363636,0.33636363636363636,22,0.5524456048044428,10,18,0.1446559344227257,0.0259525328874588
prosody_egemaps_jitterLocal_sma3nz_amean,nonperiodic_varying,0.6522727272727273,0.34772727272727266,26,0.33948828527604824,73,16,0.17299617698073316,0.004330003634095192
prosody_egemaps_F1bandwidth_sma3nz_amean,nonperiodic_varying,0.634090909090909,0.36590909090909096,28,0.4365966033472498,30,19,0.014125417184862956,20.9036865234375
prosody_egemaps_shimmerLocaldB_sma3nz_stddevNorm,nonperiodic_varying,0.6272727272727272,0.37272727272727274,29,0.4300259421032163,34,12,0.10162543212129789,0.08241665363311768
prosody_egemaps_mfcc1V_sma3nz_amean,nonperiodic_varying,0.6113636363636363,0.38863636363636367,31,0.42244348339726656,38,19,0.06728172099394228,2.5514144897460938
prosody_egemaps_equivalentSoundLevel_dBp,nonperiodic_varying,0.6045454545454545,0.39545454545454545,32,0.33355386476853327,76,7,0.07355410157704168,1.3787145614624023
prosody_egemaps_F3frequency_sma3nz_amean,nonperiodic_varying,0.6,0.4,33,0.4011182071914124,50,15,0.01726740627175136,54.667236328125
prosody_egemaps_F2frequency_sma3nz_amean,nonperiodic_varying,0.5954545454545455,0.4045454545454546,34,0.4260813273814379,37,18,0.02402070902652888,33.10516357421875
prosody_egemaps_F2bandwidth_sma3nz_amean,nonperiodic_varying,0.5772727272727273,0.42272727272727273,35,0.42957102417185844,35,14,0.040980241545781476,26.0928955078125
prosody_egemaps_F3amplitudeLogRelF0_sma3nz_amean,nonperiodic_varying,0.575,0.42500000000000004,36,0.43550862771727156,31,18,0.06614777237732715,6.838645935058594
prosody_egemaps_F1frequency_sma3nz_amean,nonperiodic_varying,0.5590909090909091,0.4409090909090909,38,0.36052625099753915,65,16,0.06519566053472363,28.342498779296875
prosody_egemaps_loudness_sma3_percentile50.0,nonperiodic_varying,0.5295454545454545,0.47045454545454546,41,0.41191817451435364,42,20,0.17099988294774407,0.07442370057106018
prosody_egemaps_spectralFluxUV_sma3nz_amean,nonperiodic_varying,0.5272727272727273,0.4727272727272727,42,0.3831760644744863,56,10,0.2132279462326603,0.04019595682621002
prosody_egemaps_HNRdBACF_sma3nz_amean,nonperiodic_varying,0.525,0.475,43,0.33527539105639687,74,17,0.11783754024422126,0.8002338409423828
prosody_egemaps_alphaRatioV_sma3nz_amean,nonperiodic_varying,0.525,0.475,43,0.3305425458868162,77,14,0.09903808269811736,1.7408161163330078
prosody_egemaps_F2amplitudeLogRelF0_sma3nz_amean,nonperiodic_varying,0.5113636363636364,0.48863636363636365,47,0.428427581432734,36,18,0.0765446944845764,6.582145690917969
prosody_egemaps_loudness_sma3_pctlrange0-2,nonperiodic_varying,0.5,0.5,49,0.2900155749305104,82,18,0.17470197956609898,0.0755774974822998
prosody_egemaps_loudness_sma3_amean,nonperiodic_varying,0.4954545454545455,0.5045454545454545,50,0.34734990147582706,68,10,0.19666855086339524,0.05963149666786194
prosody_egemaps_hammarbergIndexV_sma3nz_amean,nonperiodic_varying,0.48636363636363633,0.5136363636363637,51,0.41085891560624593,45,16,0.11368971988981116,2.0099754333496094
prosody_egemaps_F1amplitudeLogRelF0_sma3nz_amean,nonperiodic_varying,0.4818181818181818,0.5181818181818182,52,0.3928618448118656,52,18,0.08226241622013826,7.444004058837891
prosody_egemaps_slopeV500-1500_sma3nz_stddevNorm,nonperiodic_varying,0.4795454545454545,0.5204545454545455,53,0.3743382358740017,58,17,0.1749744892515041,0.08335864543914795
prosody_egemaps_loudness_sma3_percentile80.0,nonperiodic_varying,0.475,0.525,54,0.37210424018830573,62,10,0.18948753798850618,0.08117163181304932
prosody_egemaps_spectralFlux_sma3_amean,nonperiodic_varying,0.4727272727272728,0.5272727272727272,55,0.30735198805206493,79,10,0.26022634144949464,0.04199087619781494
prosody_egemaps_loudness_sma3_stddevFallingSlope,nonperiodic_varying,0.4636363636363636,0.5363636363636364,56,0.41739130023552423,41,16,0.17198697862848986,0.47032880783081055
prosody_egemaps_loudness_sma3_meanFallingSlope,nonperiodic_varying,0.4613636363636364,0.5386363636363636,57,0.40991208956952846,47,16,0.14611102966179818,0.9935023784637451
prosody_egemaps_spectralFluxV_sma3nz_amean,nonperiodic_varying,0.4590909090909091,0.5409090909090909,58,0.29641661650145246,81,10,0.24143813777596712,0.06423798203468323
prosody_egemaps_loudness_sma3_percentile20.0,nonperiodic_varying,0.4568181818181818,0.5431818181818182,59,0.29755584546408825,80,20,0.2955178813957269,0.04149991273880005
prosody_egemaps_logRelF0-H1-A3_sma3nz_stddevNorm,nonperiodic_varying,0.44318181818181823,0.5568181818181818,60,0.3905671282714141,54,12,0.2148203333259852,0.07526665925979614
prosody_egemaps_loudness_sma3_stddevRisingSlope,nonperiodic_varying,0.42727272727272725,0.5727272727272728,62,0.34123573292681564,70,17,0.18737654637287054,0.5697576999664307
prosody_egemaps_slopeUV0-500_sma3nz_amean,nonperiodic_varying,0.3931818181818182,0.6068181818181818,64,0.40762670659078687,49,14,0.6807491142750176,0.012654287740588188
prosody_egemaps_loudness_sma3_meanRisingSlope,nonperiodic_varying,0.36136363636363633,0.6386363636363637,66,0.37214288014940916,61,10,0.19886513250679802,1.0934967994689941
prosody_egemaps_jitterLocal_sma3nz_stddevNorm,nonperiodic_varying,0.36136363636363633,0.6386363636363637,66,0.3406956396604412,71,16,0.26452841050154874,0.3518804609775543
prosody_egemaps_slopeV0-500_sma3nz_stddevNorm,nonperiodic_varying,0.3545454545454545,0.6454545454545455,68,0.39826966936938396,51,12,0.3229504004057346,0.1617896556854248
prosody_egemaps_hammarbergIndexUV_sma3nz_amean,nonperiodic_varying,0.32272727272727275,0.6772727272727272,69,0.45495867336439244,25,10,0.19317605597395826,2.8797435760498047
prosody_egemaps_mfcc4V_sma3nz_stddevNorm,nonperiodic_varying,0.2863636363636364,0.7136363636363636,70,0.42021531857137207,39,16,0.4409138445117819,0.6003023982048035
prosody_egemaps_alphaRatioUV_sma3nz_amean,nonperiodic_varying,0.28409090909090906,0.7159090909090909,71,0.4379746448693719,29,15,0.2587420043195022,2.0268049240112305
prosody_egemaps_logRelF0-H1-H2_sma3nz_stddevNorm,nonperiodic_varying,0.275,0.725,72,0.1984197430279847,87,15,0.4398401815312835,0.8301053643226624
prosody_egemaps_mfcc2_sma3_stddevNorm,nonperiodic_varying,0.26363636363636367,0.7363636363636363,73,0.46239634100357285,23,15,0.506606939082795,0.7601233720779419
prosody_egemaps_logRelF0-H1-H2_sma3nz_amean,nonperiodic_varying,0.2250000000000001,0.7749999999999999,74,0.3404245726250949,72,15,0.3769184174975958,2.586975574493408
prosody_egemaps_mfcc3V_sma3nz_stddevNorm,nonperiodic_varying,0.2250000000000001,0.7749999999999999,74,0.3111879806843777,78,8,0.5112029228162478,1.136304259300232
prosody_egemaps_mfcc3_sma3_stddevNorm,nonperiodic_varying,0.21363636363636362,0.7863636363636364,76,0.3739155315569643,59,10,0.5411884936078696,1.107511043548584
prosody_egemaps_mfcc2_sma3_amean,nonperiodic_varying,0.19999999999999996,0.8,78,0.4336248453882709,32,14,0.41866382878372194,3.5417561531066895
prosody_egemaps_mfcc4V_sma3nz_amean,nonperiodic_varying,0.16590909090909078,0.8340909090909092,79,0.3765937249026531,57,16,0.5016228895124406,4.680220603942871
prosody_egemaps_mfcc4_sma3_amean,nonperiodic_varying,0.11590909090909096,0.884090909090909,81,0.27972850135374977,84,14,0.6044234010680493,3.20842182636261
prosody_egemaps_mfcc3V_sma3nz_amean,nonperiodic_varying,0.10909090909090913,0.8909090909090909,83,0.37236059305896,60,14,0.5998104565069239,3.9998626708984375
prosody_egemaps_F0semitoneFrom27.5Hz_sma3nz_meanFallingSlope,nonperiodic_varying,0.09090909090909094,0.9090909090909091,84,0.3444802964227263,69,19,0.5751297389717178,25.90856170654297
prosody_egemaps_mfcc2V_sma3nz_amean,nonperiodic_varying,0.08636363636363642,0.9136363636363636,85,0.4600820504758201,24,18,0.7981558650271935,3.8956568241119385
prosody_egemaps_F0semitoneFrom27.5Hz_sma3nz_stddevRisingSlope,nonperiodic_varying,0.0613636363636364,0.9386363636363636,87,0.1564804292939554,88,18,0.5744180145377942,111.03550720214844
prosody_egemaps_F0semitoneFrom27.5Hz_sma3nz_meanRisingSlope,nonperiodic_varying,0.031818181818181746,0.9681818181818183,88,0.28173979281108563,83,20,0.6392794896237572,84.3441162109375
prosody_egemaps_hammarbergIndexV_sma3nz_stddevNorm,periodic_varying,0.6613636363636364,0.3386363636363636,23,0.5789328719435856,6,17,0.1329971182099678,0.040190190076828
prosody_egemaps_F3bandwidth_sma3nz_stddevNorm,periodic_varying,0.6590909090909092,0.3409090909090909,24,0.714497082425627,2,18,0.1341614358468374,0.03853338956832886
prosody_egemaps_VoicedSegmentsPerSec,periodic_varying,0.6568181818181819,0.34318181818181814,25,0.5033485636820595,16,14,0.07795875128382869,0.23312973976135254
prosody_egemaps_mfcc1_sma3_stddevNorm,periodic_varying,0.634090909090909,0.3659090909090909,27,0.4918828123223133,17,19,0.1125973781135468,0.06824105978012085
prosody_egemaps_mfcc1V_sma3nz_stddevNorm,periodic_varying,0.6204545454545455,0.3795454545454545,30,0.6472301033473733,3,17,0.13820417621806513,0.04673251509666443
prosody_egemaps_mfcc1_sma3_amean,periodic_varying,0.575,0.42500000000000004,36,0.5067610977346145,15,9,0.07379919809938287,2.327899932861328
prosody_egemaps_alphaRatioV_sma3nz_stddevNorm,periodic_varying,0.5545454545454546,0.44545454545454544,39,0.5156607277108644,14,13,0.15279552354964143,0.06900519132614136
prosody_egemaps_StddevVoicedSegmentLengthSec,periodic_varying,0.5318181818181817,0.4681818181818182,40,0.6074675048538498,4,19,0.2575112572783666,0.025119133293628693
prosody_egemaps_F0semitoneFrom27.5Hz_sma3nz_stddevNorm,periodic_varying,0.5249999999999999,0.47500000000000003,45,0.5729124696761757,8,19,0.2457136749992725,0.03052084892988205
prosody_egemaps_slopeV0-500_sma3nz_amean,periodic_varying,0.5181818181818183,0.48181818181818176,46,0.5309298781535506,12,14,0.2670613831801489,0.012866774573922157
prosody_egemaps_F3bandwidth_sma3nz_amean,periodic_varying,0.5068181818181818,0.49318181818181817,48,0.4834752784551624,20,10,0.0695701001005348,63.9591064453125
prosody_egemaps_logRelF0-H1-A3_sma3nz_amean,periodic_varying,0.4409090909090909,0.5590909090909091,61,0.5739219909723077,7,18,0.11961027380927873,2.9916820526123047
prosody_egemaps_F0semitoneFrom27.5Hz_sma3nz_pctlrange0-2,periodic_varying,0.42500000000000004,0.575,63,0.5582105440706924,9,18,0.19444703717346745,0.4169349670410156
prosody_egemaps_slopeUV500-1500_sma3nz_amean,periodic_varying,0.390909090909091,0.609090909090909,65,0.5400875833236372,11,20,1.1674179072932447,0.003988583572208881
prosody_egemaps_mfcc4_sma3_stddevNorm,periodic_varying,0.21363636363636362,0.7863636363636364,76,0.4889699704240369,18,12,0.5204693612932877,1.2856439352035522
prosody_egemaps_mfcc3_sma3_amean,periodic_varying,0.13409090909090904,0.865909090909091,80,0.4801893846381778,21,14,0.540406980866334,4.803532600402832
prosody_egemaps_mfcc2V_sma3nz_stddevNorm,periodic_varying,0.11590909090909096,0.884090909090909,81,0.9342067106183144,1,19,0.8347036529548808,2.303702712059021
prosody_egemaps_F0semitoneFrom27.5Hz_sma3nz_stddevFallingSlope,periodic_varying,0.06590909090909092,0.9340909090909091,86,0.48607595012506954,19,17,0.5773418234752307,44.33914279937744
